Cycle,Sector,Submit_Time_ms,BAV_Time_ms,ICV_Time_ms,Realize_Time_ms,Total_Time_ms,Submit_Gas,ICV_Gas,Realize_Gas,Status
1,DEF,10445,14656,22953,10371,58427,122520,34843,171136,SUCCESS
2,DEF,15254,10478,14618,10444,50794,122520,34843,171136,SUCCESS
3,DEF,10373,14561,10412,10403,45749,122508,34843,171136,SUCCESS
4,DEF,14710,10867,10703,11151,47431,122520,34843,171136,SUCCESS
5,DEF,15054,10381,10402,14589,50426,122520,34843,171136,SUCCESS
6,DEF,10400,10592,14564,10406,45962,122520,34843,171136,SUCCESS
7,DEF,14612,10379,10413,14604,50009,122520,34843,171136,SUCCESS
8,DEF,23090,10441,27735,10592,71858,122520,34843,171136,SUCCESS
9,DEF,10416,27413,10432,10479,58741,122520,34831,171112,SUCCESS
10,DEF,10405,14597,10553,14676,50231,122520,34831,171124,SUCCESS
11,DEF,10402,10490,14885,10454,46231,122520,34843,171136,SUCCESS
12,DEF,10430,14740,10466,23197,58833,122520,34843,171136,SUCCESS
13,DEF,73839,10501,40180,18860,143380,122520,34831,171112,SUCCESS
14,DEF,14658,10402,23112,14802,62974,122520,34843,171124,SUCCESS
15,DEF,23053,23259,10572,14636,71520,122520,34843,171136,SUCCESS
16,DEF,10562,10451,14646,10604,46264,122520,34843,171136,SUCCESS
17,DEF,10700,14622,10522,14610,50454,122520,34843,171124,SUCCESS
18,DEF,10598,23739,10846,15866,61049,122520,34843,171136,SUCCESS
19,DEF,10529,10292,14569,10888,46278,122520,34843,171136,SUCCESS
20,DEF,10585,10568,14748,10727,46630,122520,34843,171136,SUCCESS
21,DEF,10824,14515,10315,14672,50326,122496,34843,171136,SUCCESS
22,DEF,10317,23103,14478,10268,58166,122520,34843,171136,SUCCESS
23,DEF,14513,10288,10349,14663,49813,122520,34843,171136,SUCCESS
24,DEF,10350,10383,14486,10316,45535,122520,34843,171136,SUCCESS
25,DEF,10337,14481,10342,27101,62261,122520,34843,171136,SUCCESS
26,DEF,10322,14523,10318,10345,45508,122520,34843,171136,SUCCESS
27,DEF,14645,10301,10324,14549,49819,122520,34843,171136,SUCCESS
28,DEF,10500,14552,44015,14581,83648,122520,34843,171136,SUCCESS
29,DEF,10334,14511,10347,10404,45596,122496,34843,171136,SUCCESS
30,DEF,14521,10369,14724,12244,51858,122520,34831,171112,SUCCESS
31,DEF,10281,14487,10411,10427,45607,122520,34843,171136,SUCCESS
32,DEF,10289,14542,14549,10271,49652,122520,34843,171136,SUCCESS
33,DEF,10304,14586,10343,10301,45534,122520,34843,171136,SUCCESS
34,DEF,14495,10378,10294,14729,49896,122520,34843,171136,SUCCESS
35,DEF,10430,10867,14527,10521,46345,122520,34843,171136,SUCCESS
36,DEF,14705,10390,10393,14622,50112,122520,34843,171136,SUCCESS
37,DEF,10796,10359,27460,10323,58938,122508,34843,171136,SUCCESS
38,DEF,10366,14722,23287,10479,58855,122520,34843,171136,SUCCESS
39,DEF,27373,10506,10856,10637,59372,122520,34843,171136,SUCCESS
40,DEF,14744,10491,10469,14584,50288,122520,34843,171136,SUCCESS
41,DEF,10352,14688,10377,10463,45881,122520,34843,171124,SUCCESS
42,DEF,14567,10340,10547,14586,50040,122520,34843,171136,SUCCESS
43,DEF,10511,14632,10379,10445,45967,122520,34843,171136,SUCCESS
44,DEF,14573,11033,36130,10662,72398,122520,34843,171136,SUCCESS
45,DEF,15481,10900,10477,14713,51571,122520,34843,171124,SUCCESS
46,DEF,10406,10440,10628,14741,46215,122508,34831,171124,SUCCESS
47,DEF,10415,14636,10430,10399,45881,122520,34843,171124,SUCCESS
48,DEF,14684,10426,10402,14754,50266,122520,34843,171136,SUCCESS
49,DEF,10439,10462,14601,23245,58747,122520,34843,171136,SUCCESS
50,DEF,10659,14636,10396,10427,46118,122508,34843,171136,SUCCESS
51,DEF,14644,10500,14860,10742,50746,122520,34843,171136,SUCCESS
52,DEF,12797,11137,11589,10380,45903,122520,34843,171136,SUCCESS
53,DEF,14569,10386,23241,14616,62813,122520,34843,171136,SUCCESS
54,DEF,10380,23015,14760,10368,58523,122520,34843,171136,SUCCESS
55,DEF,10403,14616,10408,14580,50007,122520,34843,171124,SUCCESS
56,DEF,10498,14574,10376,10567,46015,122520,34843,171136,SUCCESS
57,DEF,22985,14682,10408,10535,58611,122520,34843,171136,SUCCESS
58,DEF,14983,10342,10389,14616,50330,122520,34843,171136,SUCCESS
59,DEF,10393,14606,10387,23023,58409,122520,34843,171136,SUCCESS
60,DEF,14584,10370,10398,14568,49920,122520,34831,171124,SUCCESS
61,DEF,10378,14620,10866,10359,46223,122520,34843,171136,SUCCESS
62,DEF,10444,14563,22996,10654,58657,122520,34843,171136,SUCCESS
63,DEF,14620,10393,14603,10359,49975,122508,34843,171136,SUCCESS
64,DEF,10420,14627,10396,10532,45975,122520,34843,171136,SUCCESS
65,DEF,14598,10395,14563,10351,49907,122520,34843,171136,SUCCESS
66,DEF,14695,10683,10496,10356,46230,122520,34843,171124,SUCCESS
67,DEF,14552,10361,14543,10352,49808,122520,34843,171136,SUCCESS
68,DEF,10471,14636,10379,14663,50149,122520,34843,171136,SUCCESS
69,DEF,22995,10383,10685,14629,58692,122520,34843,171136,SUCCESS
70,DEF,10406,14671,10417,10406,45901,122520,34843,171136,SUCCESS
71,DEF,14643,10367,10386,14669,50065,122520,34843,171136,SUCCESS
72,DEF,14626,10393,10472,23088,58579,122520,34843,171136,SUCCESS
73,DEF,23050,14559,10470,14884,62963,122520,34843,171136,SUCCESS
74,DEF,10436,10397,14591,23014,58438,122520,34843,171136,SUCCESS
75,DEF,10342,14615,23023,10382,58362,122520,34843,171136,SUCCESS
76,DEF,14583,10618,10414,14577,50192,122520,34831,171124,SUCCESS
77,DEF,10359,14565,10430,10476,45830,122520,34843,171136,SUCCESS
78,DEF,14632,10435,14635,10369,50071,122520,34843,171136,SUCCESS
79,DEF,10394,14612,10373,10520,45899,122520,34843,171124,SUCCESS
80,DEF,14594,10386,23102,14647,62729,122520,34843,171136,SUCCESS
81,DEF,10420,10413,14677,10507,46017,122520,34843,171124,SUCCESS
82,DEF,10414,14620,10387,35793,71214,122520,34843,171136,SUCCESS
83,DEF,14671,10452,10481,14731,50335,122508,34831,171124,SUCCESS
84,DEF,10435,14785,10419,10434,46073,122520,34843,171112,SUCCESS
85,DEF,10438,14660,23063,14607,62768,122520,34843,171124,SUCCESS
86,DEF,10420,14606,10400,23069,58495,122520,34831,171112,SUCCESS
87,DEF,10455,14752,10458,10386,46051,122520,34843,171136,SUCCESS
88,DEF,14655,10427,14821,10517,50420,122520,34843,171136,SUCCESS
89,DEF,10421,10702,14620,10426,46169,122520,34831,171124,SUCCESS
90,DEF,61469,10809,14594,10448,97320,122508,34843,171136,SUCCESS
91,DEF,10490,14593,10428,23162,58673,122520,34843,171136,SUCCESS
92,DEF,14672,10534,10407,14704,50317,122520,34843,171136,SUCCESS
93,DEF,10498,10543,15185,11147,47373,122520,34843,171136,SUCCESS
94,DEF,10823,10527,14932,10468,46750,122520,34843,171136,SUCCESS
95,DEF,14616,10368,10395,14825,50205,122520,34843,171136,SUCCESS
96,DEF,10446,10394,23037,14602,58479,122508,34843,171124,SUCCESS
97,DEF,35766,23554,23045,14584,96949,122520,34843,171136,SUCCESS
98,DEF,10349,14601,23215,35687,83852,122508,34843,171136,SUCCESS
99,DEF,10726,10323,14659,10587,46295,122520,34843,171136,SUCCESS
100,DEF,10357,14558,14870,10609,50394,122520,34843,171136,SUCCESS
101,EDU,10409,15129,10629,10291,46458,122520,34843,171136,SUCCESS
102,EDU,14805,10358,14539,10303,50006,122520,34843,171136,SUCCESS
103,EDU,14545,19794,14863,10397,59599,122520,34843,171136,SUCCESS
104,EDU,27218,10327,10348,35826,83719,122520,34843,171136,SUCCESS
105,EDU,23003,14733,10668,35847,84251,122508,34843,171136,SUCCESS
106,EDU,14629,56882,14696,10422,96630,122520,34843,171136,SUCCESS
107,EDU,10356,14788,10360,10351,45855,122520,34843,171136,SUCCESS
108,EDU,14752,10535,14717,10434,50438,122508,34843,171136,SUCCESS
109,EDU,10395,14613,10431,10392,45831,122520,34843,171136,SUCCESS
110,EDU,14555,10400,22980,14634,62569,122520,34843,171124,SUCCESS
111,EDU,10389,14599,10361,10334,45683,122508,34843,171124,SUCCESS
112,EDU,14608,10422,14741,10555,50326,122520,34843,171136,SUCCESS
113,EDU,10495,10390,14696,24494,60075,122520,34831,171124,SUCCESS
114,EDU,23518,10517,14764,10732,59531,122520,34843,171136,SUCCESS
115,EDU,10481,14558,10390,10745,46174,122520,34843,171124,SUCCESS
116,EDU,14985,10314,10750,14679,50728,122520,34843,171136,SUCCESS
117,EDU,10309,10653,27154,10469,58585,122520,34843,171136,SUCCESS
118,EDU,10537,14561,10759,10367,46224,122520,34843,171136,SUCCESS
119,EDU,14644,10345,14639,10327,49955,122520,34843,171136,SUCCESS
120,EDU,14553,10331,10299,14607,49790,122520,34843,171136,SUCCESS
121,EDU,10480,10373,14513,10805,46171,122520,34831,171124,SUCCESS
122,EDU,10509,14587,10332,14516,49944,122520,34843,171136,SUCCESS
123,EDU,10319,10334,14644,10300,45597,122520,34843,171124,SUCCESS
124,EDU,10294,14812,10571,14762,50439,122508,34843,171136,SUCCESS
125,EDU,10411,14618,10295,10501,45825,122520,34843,171136,SUCCESS
126,EDU,23760,10336,14541,10410,59047,122520,34843,171136,SUCCESS
127,EDU,14622,23017,10458,14564,62661,122520,34843,171136,SUCCESS
128,EDU,10685,11384,11968,12057,46094,122520,34843,171136,SUCCESS
129,EDU,10366,15023,10899,10392,46680,122520,34843,171136,SUCCESS
130,EDU,15031,11648,11072,10811,48562,122520,34843,171136,SUCCESS
131,EDU,14711,11718,11200,35639,73268,122520,34843,171136,SUCCESS
132,EDU,10668,14864,23206,10565,59303,122520,34843,171136,SUCCESS
133,EDU,10415,14590,10600,14699,50305,122520,34843,171136,SUCCESS
134,EDU,10389,10360,27767,10383,58899,122520,34843,171136,SUCCESS
135,EDU,10362,14638,10514,10523,46037,122520,34843,171136,SUCCESS
136,EDU,27309,10430,14759,10378,62877,122520,34843,171136,SUCCESS
137,EDU,10420,10427,14682,10396,45925,122520,34843,171136,SUCCESS
138,EDU,10395,14682,10461,14636,50174,122520,34843,171136,SUCCESS
139,EDU,23523,10699,11283,15233,60738,122520,34843,171136,SUCCESS
140,EDU,10605,10473,11146,14625,46850,122508,34843,171124,SUCCESS
141,EDU,10723,10415,14631,10407,46176,122508,34843,171136,SUCCESS
142,EDU,14604,10479,10411,14731,50225,122496,34843,171136,SUCCESS
143,EDU,10426,10371,14602,10417,45816,122520,34843,171136,SUCCESS
144,EDU,35724,14733,10500,10478,71435,122508,34831,171124,SUCCESS
145,EDU,23067,14665,10411,10519,58662,122508,34843,171136,SUCCESS
146,EDU,14728,10472,14647,10488,50335,122520,34843,171136,SUCCESS
147,EDU,10769,14646,10384,10408,46207,122508,34843,171136,SUCCESS
148,EDU,14843,10438,10426,14629,50336,122520,34831,171124,SUCCESS
149,EDU,10376,14646,10466,14675,50164,122520,34831,171124,SUCCESS
150,EDU,10569,10364,14641,10459,46033,122520,34843,171136,SUCCESS
151,EDU,10599,10452,14682,11940,47673,122520,34843,171136,SUCCESS
152,EDU,10529,15011,12278,23293,61111,122520,34843,171136,SUCCESS
153,EDU,11446,11442,14702,10420,48011,122520,34843,171136,SUCCESS
154,EDU,10469,10442,14847,10979,46738,122520,34843,171136,SUCCESS
155,EDU,10343,14790,10383,10840,46356,122520,34843,171136,SUCCESS
156,EDU,14625,10631,10486,14843,50585,122520,34843,171136,SUCCESS
157,EDU,23073,10416,14637,10433,58559,122520,34843,171136,SUCCESS
158,EDU,10482,14941,10401,14648,50472,122508,34843,171124,SUCCESS
159,EDU,10652,10572,10473,14628,46325,122520,34843,171136,SUCCESS
160,EDU,10690,14781,11433,11068,47973,122520,34843,171136,SUCCESS
161,EDU,10548,14636,23056,10393,58633,122520,34843,171136,SUCCESS
162,EDU,10647,14627,10412,11199,46886,122520,34819,171112,SUCCESS
163,EDU,14824,10491,10410,27344,63069,122520,34843,171136,SUCCESS
164,EDU,10610,10409,27590,10421,59030,122520,34831,171124,SUCCESS
165,EDU,10415,14834,10574,14591,50414,122508,34843,171124,SUCCESS
166,EDU,10447,10387,14594,10600,46028,122508,34843,171136,SUCCESS
167,EDU,10489,10484,14906,11102,46982,122520,34843,171124,SUCCESS
168,EDU,10433,14667,10340,14677,50117,122520,34843,171124,SUCCESS
169,EDU,10507,14609,10419,10451,45986,122520,34843,171124,SUCCESS
170,EDU,10447,14603,10735,10504,46289,122520,34843,171136,SUCCESS
171,EDU,15040,10427,10421,14799,50687,122520,34831,171112,SUCCESS
172,EDU,14663,10576,23170,18510,66919,122508,34843,171136,SUCCESS
173,EDU,18636,11213,12336,10388,52573,122520,34831,171124,SUCCESS
174,EDU,10387,14607,10394,14597,49985,122508,34843,171136,SUCCESS
175,EDU,10417,10513,23044,14685,58659,122520,34843,171136,SUCCESS
176,EDU,10547,10362,14648,10442,45999,122520,34843,171136,SUCCESS
177,EDU,14601,10412,10382,14631,50026,122508,34843,171136,SUCCESS
178,EDU,10398,14826,10480,10374,46079,122520,34843,171124,SUCCESS
179,EDU,14604,10391,10586,14637,50218,122520,34843,171136,SUCCESS
180,EDU,10476,23130,14679,23054,71339,122520,34843,171136,SUCCESS
181,EDU,10424,14611,10452,14651,50138,122520,34819,171100,SUCCESS
182,EDU,10357,10419,10460,14672,45908,122508,34843,171136,SUCCESS
183,EDU,10956,11133,14717,10650,47456,122520,34843,171136,SUCCESS
184,EDU,10470,14930,10595,10367,46362,122508,34843,171136,SUCCESS
185,EDU,27942,10940,10408,14614,63905,122520,34843,171136,SUCCESS
186,EDU,10444,10871,11145,14762,47222,122520,34843,171136,SUCCESS
187,EDU,10449,14785,10528,10491,46253,122520,34843,171136,SUCCESS
188,EDU,14670,10368,10899,10470,46408,122520,34843,171136,SUCCESS
189,EDU,14669,10442,10990,14701,50803,122520,34843,171136,SUCCESS
190,EDU,10371,10432,14913,10394,46110,122520,34843,171136,SUCCESS
191,EDU,14671,23199,10396,14763,63029,122520,34843,171136,SUCCESS
192,EDU,23323,10387,10409,27257,71376,122520,34843,171136,SUCCESS
193,EDU,10421,10688,14703,10740,46552,122520,34843,171136,SUCCESS
194,EDU,23074,10536,14746,10769,59125,122520,34843,171136,SUCCESS
195,EDU,15818,10731,10485,10466,47500,122520,34843,171136,SUCCESS
196,EDU,14804,10390,10362,14806,50362,122520,34831,171124,SUCCESS
197,EDU,10528,10413,14590,10372,45903,122520,34843,171124,SUCCESS
198,EDU,14573,10439,10372,14618,50003,122520,34843,171136,SUCCESS
199,EDU,69691,14784,10435,70948,165858,122520,34831,171124,SUCCESS
200,EDU,11798,23963,15080,11765,62607,122520,34843,171136,SUCCESS
201,HLT,15929,24375,11809,12184,64297,122520,34843,171136,SUCCESS
202,HLT,11158,12366,11740,32823,68087,122508,34843,171136,SUCCESS
203,HLT,25255,10997,16362,8010,60624,122520,34843,171136,SUCCESS
204,HLT,24068,14648,35732,10597,85046,122520,34843,171136,SUCCESS
205,HLT,10404,27750,44558,14629,97341,122520,34843,171124,SUCCESS
206,HLT,10574,23052,23197,14657,71480,122520,34843,171136,SUCCESS
207,HLT,23210,10455,14608,10390,58664,122520,34843,171136,SUCCESS
208,HLT,10409,14617,10386,14671,50083,122520,34843,171136,SUCCESS
209,HLT,10447,10430,14645,10396,45918,122520,34843,171136,SUCCESS
210,HLT,10414,14696,10375,14616,50102,122520,34831,171124,SUCCESS
211,HLT,10394,10437,14642,10415,45888,122520,34831,171112,SUCCESS
212,HLT,14619,10400,10445,35740,71204,122520,34843,171136,SUCCESS
213,HLT,14663,11614,48325,23144,97746,122520,34843,171136,SUCCESS
214,HLT,35728,10427,14627,23071,83853,122520,34843,171136,SUCCESS
215,HLT,73602,10400,10399,14624,109026,122520,34843,171136,SUCCESS
216,HLT,10452,10443,14597,10471,45963,122520,34843,171124,SUCCESS
217,HLT,10333,14545,10382,14701,49962,122520,34843,171136,SUCCESS
218,HLT,10374,10348,14707,10391,45820,122520,34843,171136,SUCCESS
219,HLT,14588,10373,23077,14636,62674,122520,34843,171136,SUCCESS
220,HLT,10436,23013,35671,14648,83768,122520,34843,171136,SUCCESS
221,HLT,23039,23124,10349,14596,71108,122520,34843,171136,SUCCESS
222,HLT,35746,61038,10451,10402,117637,122520,34843,171136,SUCCESS
223,HLT,14685,10443,10400,14697,50225,122520,34831,171124,SUCCESS
224,HLT,10482,14593,10410,10393,45878,122520,34843,171136,SUCCESS
225,HLT,14591,10420,14683,10396,50090,122496,34843,171136,SUCCESS
226,HLT,23018,10368,14610,10369,58365,122520,34843,171136,SUCCESS
227,HLT,14622,10400,10393,14598,50013,122520,34843,171124,SUCCESS
228,HLT,10367,14614,10403,14645,50030,122520,34843,171136,SUCCESS
229,HLT,10389,10341,10384,14596,45711,122520,34843,171124,SUCCESS
230,HLT,10422,14592,10386,10467,45867,122520,34843,171136,SUCCESS
231,HLT,14661,10330,10338,14564,49893,122520,34843,171136,SUCCESS
232,HLT,10353,14553,22938,10342,58186,122520,34843,171136,SUCCESS
233,HLT,27364,10338,60908,23353,121963,122508,34843,171136,SUCCESS
234,HLT,10670,14532,35612,10315,71129,122520,34843,171124,SUCCESS
235,HLT,10378,14530,35597,22917,83422,122520,34843,171136,SUCCESS
236,HLT,27183,10330,10375,14511,62399,122520,34843,171124,SUCCESS
237,HLT,82087,23025,23032,14548,142692,122520,34843,171136,SUCCESS
238,HLT,10386,14573,10366,23204,58529,122520,34843,171136,SUCCESS
239,HLT,14571,10369,10361,14583,49884,122520,34843,171136,SUCCESS
240,HLT,10426,22957,14559,10355,58297,122520,34843,171136,SUCCESS
241,HLT,22987,14583,10393,14550,62514,122520,34831,171124,SUCCESS
242,HLT,10327,23003,14542,10325,58197,122520,34843,171124,SUCCESS
243,HLT,10346,14546,10319,14502,49713,122520,34843,171136,SUCCESS
244,HLT,10334,10329,14592,10389,45645,122520,34831,171124,SUCCESS
245,HLT,14530,10337,10358,14566,49791,122520,34843,171136,SUCCESS
246,HLT,10353,14620,10358,10368,45699,122520,34843,171136,SUCCESS
247,HLT,14688,10345,10348,14610,49992,122520,34843,171136,SUCCESS
248,HLT,14569,10353,10386,10363,45671,122508,34843,171136,SUCCESS
249,HLT,14551,22957,11539,10390,59437,122508,34843,171136,SUCCESS
250,HLT,14546,10352,14595,10350,49844,122508,34843,171136,SUCCESS
251,HLT,10408,14579,10518,14844,50349,122520,34831,171124,SUCCESS
252,HLT,10383,10360,14618,12850,48211,122520,34843,171136,SUCCESS
253,HLT,10428,14573,22619,10370,57990,122520,34843,171124,SUCCESS
254,HLT,10382,14753,10370,23075,58580,122520,34843,171136,SUCCESS
255,HLT,14724,10773,10390,14577,50466,122508,34843,171136,SUCCESS
256,HLT,10525,10372,14702,10330,45929,122520,34831,171124,SUCCESS
257,HLT,14574,10393,10454,14586,50007,122520,34843,171136,SUCCESS
258,HLT,23732,10845,10660,15446,60683,122520,34843,171136,SUCCESS
259,HLT,24320,11702,10999,11023,58044,122520,34843,171124,SUCCESS
260,HLT,11006,11177,15100,10837,48120,122520,34831,171124,SUCCESS
261,HLT,15133,23720,11009,10910,60772,122520,34843,171136,SUCCESS
262,HLT,11178,23653,10910,15230,60971,122520,34843,171136,SUCCESS
263,HLT,23813,10682,10965,10805,56265,122520,34843,171136,SUCCESS
264,HLT,15175,10999,23566,10745,60485,122520,34843,171136,SUCCESS
265,HLT,15170,44763,52494,10365,122792,122520,34843,171136,SUCCESS
266,HLT,10335,10581,14572,10437,45925,122520,34843,171136,SUCCESS
267,HLT,22981,14592,10347,14619,62539,122520,34843,171136,SUCCESS
268,HLT,10343,14593,10370,10406,45712,122520,34831,171124,SUCCESS
269,HLT,14700,11057,13188,10400,49345,122520,34843,171136,SUCCESS
270,HLT,10438,27200,10392,10382,58412,122520,34843,171136,SUCCESS
271,HLT,23107,14666,10410,10423,58606,122520,34843,171136,SUCCESS
272,HLT,14595,10397,14625,10442,50059,122520,34843,171136,SUCCESS
273,HLT,10466,14841,10415,10444,46166,122520,34843,171136,SUCCESS
274,HLT,14617,10432,14662,10496,50207,122520,34843,171136,SUCCESS
275,HLT,10535,14712,10517,10598,46362,122520,34843,171136,SUCCESS
276,HLT,14614,10432,10405,27249,62700,122520,34843,171136,SUCCESS
277,HLT,10502,10437,14727,10478,46144,122508,34843,171136,SUCCESS
278,HLT,10340,14630,10374,14609,49953,122520,34843,171124,SUCCESS
279,HLT,10466,10440,14854,10428,46188,122520,34843,171124,SUCCESS
280,HLT,10515,14658,23103,23080,71356,122508,34843,171124,SUCCESS
281,HLT,14628,22998,11075,10339,59040,122520,34831,171124,SUCCESS
282,HLT,15614,8212,14661,10413,48900,122520,34843,171136,SUCCESS
283,HLT,14619,10436,10418,14632,50105,122520,34843,171136,SUCCESS
284,HLT,10386,10443,14566,23096,58491,122508,34843,171136,SUCCESS
285,HLT,23073,14619,10401,10467,58560,122520,34843,171136,SUCCESS
286,HLT,14846,10472,10423,14666,50408,122508,34843,171136,SUCCESS
287,HLT,10390,14666,10458,10411,45926,122508,34843,171136,SUCCESS
288,HLT,14694,10447,10524,14635,50300,122520,34843,171136,SUCCESS
289,HLT,10446,14598,10392,10481,45917,122520,34843,171136,SUCCESS
290,HLT,14695,10429,10851,14649,50624,122520,34843,171136,SUCCESS
291,HLT,10419,10439,14695,10450,46003,122520,34843,171136,SUCCESS
292,HLT,14704,10460,14638,10536,50338,122520,34843,171136,SUCCESS
293,HLT,10772,10403,14655,23160,58990,122520,34843,171136,SUCCESS
294,HLT,10437,14537,10454,10434,45862,122520,34843,171136,SUCCESS
295,HLT,14618,10468,10717,27220,63023,122520,34831,171124,SUCCESS
296,HLT,0,0,0,0,0,0,0,0,FAILED
297,HLT,15035,36316,10404,10392,72147,122520,34843,171136,SUCCESS
298,HLT,14564,10402,14643,10658,50267,122520,34843,171136,SUCCESS
299,HLT,10978,11447,10691,14896,48012,122520,34843,171136,SUCCESS
300,HLT,10514,14565,10409,10443,45931,122520,34843,171136,SUCCESS
301,ICT,10373,14656,10541,10437,46007,122520,34843,171112,SUCCESS
302,ICT,14562,10444,14618,10362,49986,122520,34843,171136,SUCCESS
303,ICT,23034,10396,14600,10404,58434,122520,34843,171136,SUCCESS
304,ICT,14599,10529,10401,14583,50112,122520,34843,171136,SUCCESS
305,ICT,10389,14571,10405,10412,45777,122508,34843,171136,SUCCESS
306,ICT,14640,10421,10547,14914,50522,122520,34843,171136,SUCCESS
307,ICT,10438,10833,14958,10473,46702,122520,34843,171136,SUCCESS
308,ICT,10488,14827,23079,10439,58833,122520,34843,171112,SUCCESS
309,ICT,23089,27366,35875,10384,96714,122520,34843,171124,SUCCESS
310,ICT,10402,35759,15336,10853,72350,122520,34843,171136,SUCCESS
311,ICT,14733,22992,10379,23052,71157,122484,34843,171124,SUCCESS
312,ICT,48358,48327,10912,14606,122203,122520,34843,171136,SUCCESS
313,ICT,10456,14630,10527,10478,46091,122508,34831,171124,SUCCESS
314,ICT,10544,14678,10414,23061,58697,122520,34843,171136,SUCCESS
315,ICT,35673,14577,14556,10359,75165,122520,34843,171124,SUCCESS
316,ICT,10376,23090,14631,10420,58517,122520,34843,171136,SUCCESS
317,ICT,10322,48334,27341,10740,96737,122520,34831,171124,SUCCESS
318,ICT,61783,23030,10367,10405,105585,122520,34843,171124,SUCCESS
319,ICT,14584,10347,14585,10500,50016,122520,34843,171124,SUCCESS
320,ICT,10404,14638,10489,10393,45924,122520,34843,171124,SUCCESS
321,ICT,14600,10361,10446,14597,50004,122520,34843,171136,SUCCESS
322,ICT,10408,14977,10379,14563,50327,122520,34843,171136,SUCCESS
323,ICT,31365,14575,10408,14578,70926,122520,34831,171124,SUCCESS
324,ICT,10355,10371,14550,10413,45689,122520,34843,171136,SUCCESS
325,ICT,14570,10368,10342,14569,49849,122520,34843,171136,SUCCESS
326,ICT,23006,22951,14874,8525,69356,122520,34843,171136,SUCCESS
327,ICT,36637,14786,10562,10692,72677,122520,34843,171136,SUCCESS
328,ICT,0,0,0,0,0,0,0,0,FAILED
329,ICT,10410,14728,10558,14666,50362,122520,34843,171124,SUCCESS
330,ICT,22951,23070,10410,14689,71120,122520,34843,171136,SUCCESS
331,ICT,10348,14622,10646,10724,46340,122508,34843,171136,SUCCESS
332,ICT,10526,14554,23495,10581,59156,122520,34831,171124,SUCCESS
333,ICT,14795,10651,10456,14964,50866,122520,34843,171136,SUCCESS
334,ICT,10452,10534,15059,10740,46785,122520,34843,171136,SUCCESS
335,ICT,10645,15477,10450,10568,47140,122520,34843,171136,SUCCESS
336,ICT,10416,14728,10473,14701,50318,122520,34843,171136,SUCCESS
337,ICT,10486,35904,10502,14685,71578,122508,34831,171100,SUCCESS
338,ICT,10862,11467,11502,12415,46247,122520,34843,171136,SUCCESS
339,ICT,10670,14708,10426,14623,50427,122520,34843,171136,SUCCESS
340,ICT,10580,14780,7081,27473,59914,122508,34843,171136,SUCCESS
341,ICT,10400,10452,14586,10393,45831,122520,34843,171136,SUCCESS
342,ICT,10381,14641,10357,10387,45767,122520,34843,171124,SUCCESS
343,ICT,14624,10648,14582,10353,50207,122520,34831,171124,SUCCESS
344,ICT,14584,10626,10765,23041,59016,122520,34843,171136,SUCCESS
345,ICT,23193,14762,10394,14598,62948,122520,34843,171136,SUCCESS
346,ICT,10363,10405,14679,10450,45897,122520,34843,171136,SUCCESS
347,ICT,10375,14670,10520,14715,50280,122520,34843,171136,SUCCESS
348,ICT,10537,10935,10384,14617,46473,122520,34843,171136,SUCCESS
349,ICT,10551,14626,35740,10469,71387,122508,34843,171136,SUCCESS
350,ICT,10406,14726,10611,10399,46142,122520,34843,171136,SUCCESS
351,ICT,14727,36064,10346,14643,75781,122520,34843,171136,SUCCESS
352,ICT,10492,10584,14700,10406,46182,122520,34843,171136,SUCCESS
353,ICT,10364,14623,10545,10629,46161,122520,34843,171136,SUCCESS
354,ICT,14656,10466,23085,27384,75592,122508,34843,171124,SUCCESS
355,ICT,10425,10325,14555,10336,45641,122508,34843,171136,SUCCESS
356,ICT,14955,10499,10332,14572,50358,122508,34843,171136,SUCCESS
357,ICT,10384,10534,14648,10665,46231,122520,34843,171136,SUCCESS
358,ICT,10731,14800,10524,10374,46429,122520,34843,171136,SUCCESS
359,ICT,35754,14662,10490,14619,75525,122520,34843,171136,SUCCESS
360,ICT,10453,10613,14818,10658,46542,122520,34843,171136,SUCCESS
361,ICT,10549,14972,11089,10600,47210,122520,34843,171136,SUCCESS
362,ICT,10714,15121,10729,11641,48205,122520,34843,171136,SUCCESS
363,ICT,12288,11716,11640,10409,46054,122520,34843,171136,SUCCESS
364,ICT,16166,12213,11387,10601,50367,122520,34843,171136,SUCCESS
365,ICT,10751,14663,10356,23322,59092,122520,34843,171136,SUCCESS
366,ICT,14707,10613,10529,10371,46220,122520,34831,171124,SUCCESS
367,ICT,14535,10347,14564,10353,49799,122520,34843,171136,SUCCESS
368,ICT,10375,14660,10318,14567,49920,122520,34843,171124,SUCCESS
369,ICT,10376,14618,10746,10371,46112,122520,34843,171136,SUCCESS
370,ICT,14592,10338,10392,14563,49885,122520,34843,171136,SUCCESS
371,ICT,10344,10290,14770,10385,45789,122520,34843,171124,SUCCESS
372,ICT,14618,10589,10390,27441,63039,122520,34843,171136,SUCCESS
373,ICT,10385,10467,14682,10399,45933,122508,34843,171136,SUCCESS
374,ICT,10457,14738,10670,10566,46431,122520,34843,171136,SUCCESS
375,ICT,14645,10447,10391,14658,50141,122508,34843,171136,SUCCESS
376,ICT,10478,10660,14585,10375,46098,122508,34843,171136,SUCCESS
377,ICT,14735,10508,11113,15007,51363,122520,34831,171112,SUCCESS
378,ICT,10534,11206,10745,14729,47214,122520,34831,171112,SUCCESS
379,ICT,10594,10491,14646,10685,46416,122520,34843,171136,SUCCESS
380,ICT,10520,14867,10534,23269,59190,122520,34843,171136,SUCCESS
381,ICT,14655,10389,10384,14576,50004,122520,34843,171136,SUCCESS
382,ICT,10427,10433,14592,10400,45852,122520,34843,171136,SUCCESS
383,ICT,14651,10382,14610,10396,50039,122520,34831,171124,SUCCESS
384,ICT,10378,14597,10380,10434,45790,122520,34831,171124,SUCCESS
385,ICT,11210,27233,10500,10681,59624,122520,34843,171136,SUCCESS
386,ICT,14677,10418,10387,14607,50089,122520,34843,171124,SUCCESS
387,ICT,23196,14636,23116,10433,71382,122520,34843,171136,SUCCESS
388,ICT,10383,14699,10384,23225,58691,122520,34843,171136,SUCCESS
389,ICT,14673,10392,10695,14673,50433,122520,34843,171136,SUCCESS
390,ICT,10387,10421,14617,10396,45821,122520,34843,171124,SUCCESS
391,ICT,14691,10389,14633,11298,51011,122520,34843,171136,SUCCESS
392,ICT,21304,221390,6387,10845,259926,122508,34843,171136,SUCCESS
393,ICT,14687,10491,14641,10376,50195,122520,34843,171136,SUCCESS
394,ICT,10367,14669,10594,14712,50342,122520,34843,171136,SUCCESS
395,ICT,10429,10593,10727,15006,46755,122508,34843,171136,SUCCESS
396,ICT,24129,11452,23216,10351,69148,122520,34843,171136,SUCCESS
397,ICT,14605,10424,14591,10414,50034,122520,34843,171136,SUCCESS
398,ICT,10612,23483,14661,10422,59179,122520,34843,171136,SUCCESS
399,ICT,10398,14584,10423,14821,50227,122520,34843,171124,SUCCESS
400,ICT,10462,10621,14638,10323,46044,122520,34843,171136,SUCCESS
401,INF,23193,10766,14651,10341,58951,122520,34843,171136,SUCCESS
402,INF,10529,23018,14619,10476,58642,122520,34843,171124,SUCCESS
403,INF,35951,14946,10570,10601,72068,122520,34843,171136,SUCCESS
404,INF,14709,10365,10452,14672,50199,122508,34831,171124,SUCCESS
405,INF,10463,14656,10362,10411,45892,122520,34843,171136,SUCCESS
406,INF,10476,14701,10829,14877,50883,122520,34843,171136,SUCCESS
407,INF,10427,10563,14620,10560,46170,122520,34843,171124,SUCCESS
408,INF,10649,14889,10409,10380,46327,122508,34843,171136,SUCCESS
409,INF,23039,14600,10389,14581,62609,122520,34843,171136,SUCCESS
410,INF,10471,10736,14761,10449,46417,122520,34843,171136,SUCCESS
411,INF,14666,10419,23137,10393,58615,122520,34843,171136,SUCCESS
412,INF,14606,10402,10459,14688,50155,122508,34843,171136,SUCCESS
413,INF,10485,14668,10399,10364,45916,122520,34843,171136,SUCCESS
414,INF,27308,10477,10391,14610,62786,122496,34843,171136,SUCCESS
415,INF,10329,10391,14764,10470,45954,122520,34843,171136,SUCCESS
416,INF,14633,10388,10760,14774,50555,122520,34843,171136,SUCCESS
417,INF,10558,10443,14810,10527,46338,122520,34843,171136,SUCCESS
418,INF,10487,14591,35743,10451,71273,122520,34843,171136,SUCCESS
419,INF,10444,27353,10419,10393,58610,122508,34843,171136,SUCCESS
420,INF,14661,10367,15083,23351,63462,122520,34843,171136,SUCCESS
421,INF,10590,10454,14686,10457,46187,122520,34843,171124,SUCCESS
422,INF,10442,14644,10469,14619,50174,122520,34843,171136,SUCCESS
423,INF,10510,10835,10899,14972,47216,122520,34843,171136,SUCCESS
424,INF,10577,14624,10383,10425,46009,122520,34843,171136,SUCCESS
425,INF,14726,10419,10470,14661,50277,122520,34843,171136,SUCCESS
426,INF,10440,10577,14988,23316,59321,122520,34843,171136,SUCCESS
427,INF,10406,14605,10379,14748,50139,122520,34843,171136,SUCCESS
428,INF,10442,10415,10501,14637,45995,122508,34843,171136,SUCCESS
429,INF,10400,10522,14668,10422,46013,122520,34843,171136,SUCCESS
430,INF,14968,10555,10469,14741,50734,122520,34843,171136,SUCCESS
431,INF,23122,10548,14758,10681,59109,122520,34831,171124,SUCCESS
432,INF,10412,14596,10403,10401,45812,122496,34843,171136,SUCCESS
433,INF,14621,10433,10381,14578,50013,122520,34843,171136,SUCCESS
434,INF,10353,14584,10491,10421,45850,122520,34831,171124,SUCCESS
435,INF,14666,10614,10441,14604,50325,122520,34843,171136,SUCCESS
436,INF,10294,14575,10680,10375,45925,122520,34843,171136,SUCCESS
437,INF,27241,10400,14606,10443,62690,122520,34843,171136,SUCCESS
438,INF,10423,14637,10651,10409,46120,122520,34843,171136,SUCCESS
439,INF,10364,14562,23168,10767,58862,122520,34843,171136,SUCCESS
440,INF,14634,23097,61094,10592,109417,122520,34843,171124,SUCCESS
441,INF,10349,14535,23015,10601,58500,122520,34843,171136,SUCCESS
442,INF,14625,10546,14970,10660,50801,122520,34831,171124,SUCCESS
443,INF,10412,10337,14711,10293,45753,122520,34843,171136,SUCCESS
444,INF,14595,10400,22963,14506,62464,122520,34843,171136,SUCCESS
445,INF,10381,10396,14601,14640,50018,122520,34843,171136,SUCCESS
446,INF,10436,10327,10351,14532,45646,122520,34843,171136,SUCCESS
447,INF,10466,10575,27214,10366,58621,122520,34843,171136,SUCCESS
448,INF,10332,14617,14686,10393,50028,122520,34843,171136,SUCCESS
449,INF,10614,10456,14685,10626,46381,122520,34843,171136,SUCCESS
450,INF,10687,15195,11591,10680,48153,122508,34843,171136,SUCCESS
451,INF,10786,35829,14567,10356,71538,122520,34831,171124,SUCCESS
452,INF,10346,14573,10345,14711,49975,122520,34843,171136,SUCCESS
453,INF,10450,10461,14746,10876,46533,122520,34843,171136,SUCCESS
454,INF,10767,23890,11594,15419,61670,122520,34843,171136,SUCCESS
455,INF,10433,10398,27374,10467,58672,122508,34843,171136,SUCCESS
456,INF,10452,14810,10528,10543,46333,122520,34843,171136,SUCCESS
457,INF,14773,10513,10640,14631,50557,122520,34843,171136,SUCCESS
458,INF,10410,14677,10560,10371,46018,122520,34843,171136,SUCCESS
459,INF,14672,23072,10393,10489,58626,122520,34843,171136,SUCCESS
460,INF,14617,10934,10703,15284,51539,122520,34843,171136,SUCCESS
461,INF,10762,14852,18841,14610,59066,122508,34843,171136,SUCCESS
462,INF,10395,23028,14653,10478,58554,122508,34843,171136,SUCCESS
463,INF,14667,10378,23251,10835,59131,122520,34843,171136,SUCCESS
464,INF,15030,10471,23324,14683,63508,122520,34843,171136,SUCCESS
465,INF,10614,10397,14644,10389,46044,122520,34831,171124,SUCCESS
466,INF,10345,14645,10498,10370,45858,122520,34843,171136,SUCCESS
467,INF,27313,10444,10342,14600,62699,122520,34843,171136,SUCCESS
468,INF,10403,14591,10397,10365,45756,122508,34843,171136,SUCCESS
469,INF,14744,10381,10375,14650,50150,122520,34843,171136,SUCCESS
470,INF,10327,14592,10478,14592,49989,122520,34843,171136,SUCCESS
471,INF,10372,14563,10380,10381,45696,122520,34843,171124,SUCCESS
472,INF,10379,14607,10353,14589,49928,122520,34843,171136,SUCCESS
473,INF,10371,10999,14584,10359,46313,122520,34843,171136,SUCCESS
474,INF,10377,14620,10421,10375,45794,122520,34831,171124,SUCCESS
475,INF,14675,10418,14548,10335,49976,122520,34843,171136,SUCCESS
476,INF,10377,14568,10447,23028,58420,122520,34843,171136,SUCCESS
477,INF,14783,23072,10387,14539,62781,122508,34843,171136,SUCCESS
478,INF,10356,14610,10480,11038,46484,122520,34843,171136,SUCCESS
479,INF,10389,14731,10426,27544,63090,122520,34843,171136,SUCCESS
480,INF,10976,10441,10402,14787,46606,122520,34831,171124,SUCCESS
481,INF,23510,10453,14703,10392,59058,122520,34831,171124,SUCCESS
482,INF,10910,10827,15006,10451,47195,122520,34843,171136,SUCCESS
483,INF,35729,14570,10423,35865,96587,122520,34843,171136,SUCCESS
484,INF,10362,14686,10397,10527,45972,122520,34843,171136,SUCCESS
485,INF,14828,10398,10535,14657,50418,122520,34843,171136,SUCCESS
486,INF,10381,14679,10789,10415,46264,122520,34843,171136,SUCCESS
487,INF,14591,10532,10427,14628,50178,122520,34843,171136,SUCCESS
488,INF,10408,14838,10526,10490,46262,122508,34843,171136,SUCCESS
489,INF,14607,10397,10606,23087,58697,122520,34831,171124,SUCCESS
490,INF,14838,10335,14577,10380,50130,122508,34843,171136,SUCCESS
491,INF,10526,14684,10345,10356,45911,122520,34843,171136,SUCCESS
492,INF,14643,10362,14765,23122,62892,122520,34843,171136,SUCCESS
493,INF,10443,10431,14703,10417,45994,122520,34843,171136,SUCCESS
494,INF,27182,10371,10422,14537,62512,122508,34843,171136,SUCCESS
495,INF,10311,14573,22972,10352,58208,122508,34843,171136,SUCCESS
496,INF,14585,10361,10344,14612,49902,122520,34831,171124,SUCCESS
497,INF,10364,10525,14545,10368,45802,122520,34843,171136,SUCCESS
498,INF,27202,10580,10364,10320,58466,122508,34843,171136,SUCCESS
499,INF,14542,10403,14540,10322,49807,122520,34843,171136,SUCCESS
500,INF,10326,14665,23097,10469,58557,122520,34843,171136,SUCCESS
501,SOC,14638,10461,10371,14619,50089,122520,34843,171136,SUCCESS
502,SOC,10455,10411,14567,10477,45910,122520,34843,171136,SUCCESS
503,SOC,10401,14517,10641,14531,50090,122520,34843,171136,SUCCESS
504,SOC,10437,10411,14586,10785,46220,122520,34843,171136,SUCCESS
505,SOC,10402,14601,10619,10507,46129,122520,34843,171136,SUCCESS
506,SOC,14801,10569,10384,14571,50325,122520,34843,171136,SUCCESS
507,SOC,10320,14906,23526,10909,59662,122520,34843,171136,SUCCESS
508,SOC,11474,11103,14792,10377,47746,122520,34843,171124,SUCCESS
509,SOC,10434,14555,10505,14651,50146,122520,34843,171124,SUCCESS
510,SOC,23014,23582,12680,12101,71377,122520,34843,171136,SUCCESS
511,SOC,10410,23270,10410,14680,58770,122520,34843,171136,SUCCESS
512,SOC,10477,14777,10491,10500,46245,122508,34843,171136,SUCCESS
513,SOC,14592,10558,10622,14790,50562,122520,34843,171136,SUCCESS
514,SOC,10470,10596,27294,10565,58925,122520,34843,171136,SUCCESS
515,SOC,10406,14575,10492,14987,50460,122520,34843,171136,SUCCESS
516,SOC,10437,10394,10406,14797,46034,122520,34843,171136,SUCCESS
517,SOC,10385,10465,14715,10463,46028,122520,34843,171124,SUCCESS
518,SOC,14999,10431,10401,14706,50537,122520,34843,171136,SUCCESS
519,SOC,10444,10460,14662,10416,45982,122520,34843,171136,SUCCESS
520,SOC,10583,14802,10430,14810,50625,122520,34843,171136,SUCCESS
521,SOC,10699,14592,10500,10933,46725,122520,34831,171124,SUCCESS
522,SOC,10520,10680,14969,11211,47380,122520,34843,171136,SUCCESS
523,SOC,10450,14697,10530,10519,46196,122520,34843,171124,SUCCESS
524,SOC,14881,11372,11819,10804,48876,122520,34843,171136,SUCCESS
525,SOC,10973,18230,6435,14705,50343,122508,34843,171136,SUCCESS
526,SOC,10487,10568,15633,11133,47821,122520,34843,171136,SUCCESS
527,SOC,11539,10454,14660,10453,47106,122520,34843,171136,SUCCESS
528,SOC,10529,14666,10517,10374,46086,122520,34843,171136,SUCCESS
529,SOC,14607,10380,10591,14634,50212,122520,34843,171136,SUCCESS
530,SOC,10628,10546,14916,23148,59238,122520,34843,171136,SUCCESS
531,SOC,23321,10905,15732,11089,61047,122520,34843,171136,SUCCESS
532,SOC,10723,10922,15505,10718,47868,122520,34843,171136,SUCCESS
533,SOC,10608,10752,14997,24217,60574,122520,34843,171124,SUCCESS
534,SOC,10684,23369,14749,10746,59548,122520,34843,171136,SUCCESS
535,SOC,10621,11164,14865,11316,47966,122508,34843,171136,SUCCESS
536,SOC,11900,23826,10775,23635,70136,122520,34843,171136,SUCCESS
537,SOC,15196,11227,10620,10847,47890,122520,34843,171136,SUCCESS
538,SOC,10681,14872,10779,14899,51231,122520,34843,171124,SUCCESS
539,SOC,12483,9454,10566,14735,47239,122520,34843,171124,SUCCESS
540,SOC,11389,10671,10678,15244,47982,122520,34843,171136,SUCCESS
541,SOC,10687,10824,14856,10646,47013,122520,34843,171136,SUCCESS
542,SOC,10851,11139,15411,23440,60841,122520,34843,171136,SUCCESS
543,SOC,23864,10623,10768,14910,60166,122520,34843,171136,SUCCESS
544,SOC,10993,10857,10924,15062,47836,122520,34831,171124,SUCCESS
545,SOC,10936,10595,15053,10754,47338,122520,34843,171136,SUCCESS
546,SOC,10720,10542,14857,10964,47083,122520,34843,171136,SUCCESS
547,SOC,10669,14862,10584,10663,46778,122508,34843,171136,SUCCESS
548,SOC,14928,23536,10622,23236,72322,122520,34843,171136,SUCCESS
549,SOC,14850,10573,10459,14579,50461,122508,34843,171136,SUCCESS
550,SOC,23007,10405,14960,11232,59604,122520,34843,171136,SUCCESS
551,SOC,10983,14891,10878,10436,47188,122520,34843,171124,SUCCESS
552,SOC,23312,10899,14948,10827,59986,122520,34843,171136,SUCCESS
553,SOC,10816,11093,14955,10554,47418,122520,34843,171136,SUCCESS
554,SOC,10413,14597,10404,14617,50031,122520,34843,171136,SUCCESS
555,SOC,10455,10427,14665,10491,46038,122520,34843,171124,SUCCESS
556,SOC,10442,27311,10972,23557,72282,122520,34843,171136,SUCCESS
557,SOC,10482,14756,10575,23323,59136,122520,34843,171136,SUCCESS
558,SOC,14671,10549,23344,10730,59294,122520,34843,171136,SUCCESS
559,SOC,16517,11828,11499,10938,50782,122520,34843,171136,SUCCESS
560,SOC,10832,10796,14956,10745,47329,122520,34843,171136,SUCCESS
561,SOC,11520,11633,12003,10998,46154,122520,34843,171136,SUCCESS
562,SOC,15279,11223,11686,11010,49198,122508,34843,171136,SUCCESS
563,SOC,23621,10764,15031,10658,60075,122520,34843,171136,SUCCESS
564,SOC,10730,14911,10661,10729,47031,122520,34843,171136,SUCCESS
565,SOC,14872,10717,10719,10691,46999,122520,34831,171124,SUCCESS
566,SOC,0,0,0,0,0,0,0,0,FAILED
567,SOC,14942,10748,10625,14923,51239,122520,34843,171136,SUCCESS
568,SOC,10640,10937,10693,15529,47799,122520,34843,171136,SUCCESS
569,SOC,10732,10868,13193,14900,49693,122508,34843,171136,SUCCESS
570,SOC,10534,10582,10520,14707,46344,122520,34843,171136,SUCCESS
571,SOC,10670,11101,10800,14937,47508,122520,34843,171136,SUCCESS
572,SOC,10545,10668,14951,10459,46623,122508,34843,171136,SUCCESS
573,SOC,10445,14593,10525,10434,45997,122520,34843,171136,SUCCESS
574,SOC,14726,10443,14753,10510,50432,122520,34843,171136,SUCCESS
575,SOC,10446,14653,10410,10457,45967,122520,34843,171136,SUCCESS
576,SOC,14611,10384,10378,14698,50071,122520,34843,171136,SUCCESS
577,SOC,10571,14761,10915,10734,46981,122520,34843,171136,SUCCESS
578,SOC,23587,12177,10988,14803,61555,122508,34843,171136,SUCCESS
579,SOC,10917,10516,15125,10880,47439,122508,34843,171136,SUCCESS
580,SOC,10531,27510,11888,10965,60895,122520,34843,171136,SUCCESS
581,SOC,11598,11804,10378,14730,48510,122520,34843,171136,SUCCESS
582,SOC,10585,10468,14667,10499,46219,122520,34843,171136,SUCCESS
583,SOC,23656,10814,14764,10531,59765,122520,34843,171136,SUCCESS
584,SOC,14675,10656,10521,23469,59322,122520,34843,171136,SUCCESS
585,SOC,14953,10951,10342,10461,46708,122520,34843,171136,SUCCESS
586,SOC,14667,10523,14655,10516,50361,122520,34843,171136,SUCCESS
587,SOC,10655,14914,10414,10413,46396,122520,34843,171136,SUCCESS
588,SOC,14540,23490,10937,10692,59660,122520,34843,171136,SUCCESS
589,SOC,14656,10420,14811,10429,50317,122520,34831,171124,SUCCESS
590,SOC,10713,10856,14913,23198,59681,122520,34831,171124,SUCCESS
591,SOC,10535,14741,10479,11026,46781,122520,34843,171136,SUCCESS
592,SOC,14944,10591,10522,14761,50819,122520,34843,171124,SUCCESS
593,SOC,10575,10660,14720,10536,46491,122520,34843,171136,SUCCESS
594,SOC,10515,14940,10495,10479,46429,122520,34843,171136,SUCCESS
595,SOC,14762,11324,10465,10434,46985,122508,34831,171124,SUCCESS
596,SOC,14649,10470,14672,10455,50246,122520,34843,171136,SUCCESS
597,SOC,10940,14618,10410,10459,46427,122520,34843,171136,SUCCESS
598,SOC,14642,10477,14642,10538,50301,122520,34843,171136,SUCCESS
599,SOC,23172,10476,27441,10571,71660,122520,34843,171136,SUCCESS
600,SOC,10687,14867,10557,10539,46650,122520,34843,171124,SUCCESS
